id,name,email,gender,status
2601,"Kailash Devar","devar_kailash@ankunding.info",female,inactive
2600,"Lai Bharadwaj LLD","lai_bharadwaj_lld@heathcote.name",male,active
2599,"Shresthi Kaniyar","shresthi_kaniyar@heidenreich.co",female,active
2598,"Ambar Prajapat I","prajapat_ambar_i@lemke.org",female,inactive
2597,"Chandramohan Reddy CPA","reddy_cpa_chandramohan@kohler.name",female,active
2596,"Aaditya Kaul DO","aaditya_kaul_do@beier.net",male,inactive
2595,"Mayoor Ganaka","mayoor_ganaka@johnson.net",male,active
2594,"Gangesh Rana",gangesh_rana@grimes.org,male,inactive
2593,"Akshita Chattopadhyay","chattopadhyay_akshita@douglas.info",male,inactive
2592,"Bhargava Jain",jain_bhargava@funk.biz,female,inactive
